,total_seconds,normalized_power_level
0,0,0.00749
1,1,0.00738
2,2,0.00738
3,3,0.00738
4,4,0.00738
5,5,0.00738
6,6,0.00738
7,7,0.00738
8,8,0.00738
9,9,0.00738
10,10,0.9973
11,11,0.9973
12,12,0.9973
13,13,0.9973
14,14,0.9973
15,15,0.998291
16,16,0.998291
17,17,0.998291
18,18,0.998291
19,19,0.998291
20,20,0.01487
21,21,0.01487
22,22,0.01487
23,23,0.01487
24,24,0.01487
25,25,0.01487
26,26,0.01487
27,27,0.01487
28,28,0.01487
29,29,0.01487
30,30,0.01487
31,31,0.01487
32,32,0.01487
33,33,0.01487
34,34,0.01487
35,35,0.01487
36,36,0.01487
37,37,0.01487
38,38,0.01487
39,39,0.01487
40,40,0.01487
41,41,0.01476
42,42,0.01476
43,43,0.01476
44,44,0.01476
45,45,0.01476
46,46,0.01476
47,47,0.01476
48,48,1.0049
49,49,1.0049
50,50,1.0049
51,51,1.0049
52,52,1.0049
53,53,1.000604
54,54,1.000604
55,55,1.000604
56,56,1.000604
57,57,1.000604
58,58,1.000604
59,59,1.000604
60,60,1.000604
61,61,1.000604
62,62,0.01476
63,63,0.01476
64,64,0.01476
65,65,0.01476
66,66,0.01476
67,67,0.01476
68,68,0.01476
69,69,0.01476
70,70,0.01476
71,71,0.01476
72,72,0.01487
73,73,0.01487
74,74,0.01487
75,75,0.01487
76,76,0.01487
77,77,0.01487
78,78,0.01487
79,79,0.01487
80,80,0.01487
81,81,0.01487
82,82,0.01487
83,83,0.01487
84,84,0.01487
85,85,0.01487
86,86,0.01487
87,87,0.01487
88,88,0.01487
89,89,0.01487
90,90,1.0049
91,91,1.0049
92,92,1.0049
93,93,1.0049
94,94,0.999062
95,95,0.999062
96,96,0.999062
97,97,0.999062
98,98,0.999062
99,99,0.999062
100,100,0.999062
101,101,0.999062
102,102,0.999062
103,103,0.999062
104,104,0.01487
105,105,0.01487
106,106,0.01487
107,107,0.01487
108,108,0.01476
109,109,0.01476
110,110,0.01476
111,111,0.01476
112,112,0.01476
113,113,0.01476
114,114,0.01476
115,115,0.01476
116,116,0.01476
117,117,0.01487
118,118,0.01487
119,119,0.01487
120,120,0.01487
121,121,0.01487
122,122,0.01487
123,123,0.01487
124,124,0.01487
125,125,0.01487
126,126,0.01487
127,127,0.01487
128,128,0.01487
129,129,0.01487
130,130,1.002587
131,131,1.002587
132,132,1.002587
133,133,1.002587
134,134,1.002587
135,135,1.000164
136,136,1.000164
137,137,1.000164
138,138,1.000164
139,139,1.000164
140,140,0.999283
141,141,0.999283
142,142,0.999283
143,143,0.999283
144,144,0.999283
145,145,0.999283
146,146,0.999283
147,147,0.999283
148,148,0.999283
149,149,0.999283
150,150,0.999283
151,151,0.999283
152,152,0.999283
153,153,0.998732
154,154,0.998732
155,155,0.998732
156,156,0.998732
157,157,0.998732
158,158,0.998732
159,159,0.998181
160,160,0.998181
161,161,0.998181
162,162,0.998181
163,163,0.998181
164,164,0.998181
165,165,0.998181
166,166,0.998181
167,167,0.998181
168,168,0.998181
169,169,0.998181
170,170,0.998181
171,171,0.9973
172,172,0.9973
173,173,0.9973
174,174,0.996529
175,175,0.996529
176,176,0.996529
177,177,0.996529
178,178,0.996529
179,179,0.996529
180,180,0.996529
181,181,0.996529
182,182,0.996529
183,183,0.996529
184,184,0.996529
185,185,0.996529
186,186,0.996529
187,187,0.996529
188,188,0.996419
189,189,0.996419
190,190,0.996419
191,191,0.995868
192,192,0.995868
193,193,0.995868
194,194,0.995868
195,195,0.995868
196,196,0.996309
197,197,0.996309
198,198,0.996309
199,199,0.996309
200,200,0.996309
201,201,0.996309
202,202,0.996309
203,203,0.996309
204,204,0.996309
205,205,0.996309
206,206,0.996198
207,207,0.996198
208,208,0.996198
209,209,0.996198
210,210,0.995868
211,211,0.995868
212,212,0.995868
213,213,0.995868
214,214,0.995868
215,215,0.995978
216,216,0.995978
217,217,0.995978
218,218,0.995978
219,219,0.995978
220,220,0.995978
221,221,0.995978
222,222,0.995978
223,223,0.995978
224,224,0.995978
225,225,0.994987
226,226,0.994987
227,227,0.994987
228,228,0.995537
229,229,0.995537
230,230,0.995537
231,231,0.995537
232,232,0.994987
233,233,0.994987
234,234,0.994987
235,235,0.994987
236,236,0.994987
237,237,0.994877
238,238,0.994877
239,239,0.994877
240,240,0.994877
241,241,0.994877
242,242,0.994877
243,243,0.994877
244,244,0.994877
245,245,0.994877
246,246,0.994216
247,247,0.994216
248,248,0.994216
249,249,0.994216
250,250,0.993555
251,251,0.993555
252,252,0.993555
253,253,0.993555
254,254,0.993555
255,255,0.993555
256,256,0.993555
257,257,0.993555
258,258,0.993555
259,259,0.994766
260,260,0.994766
261,261,0.994766
262,262,0.994766
263,263,0.994326
264,264,0.994326
265,265,0.994326
266,266,0.994326
267,267,0.994326
268,268,0.993885
269,269,0.993885
270,270,0.993885
271,271,0.993885
272,272,0.993885
273,273,0.993995
274,274,0.993995
275,275,0.993995
276,276,0.993995
277,277,0.993995
278,278,0.993995
279,279,0.994326
280,280,0.994326
281,281,0.994326
282,282,0.994326
283,283,0.994326
284,284,0.994326
285,285,0.994326
286,286,0.994326
287,287,0.994326
288,288,0.994326
289,289,0.994326
290,290,0.994326
291,291,0.994326
292,292,0.994326
293,293,0.994326
294,294,0.994766
295,295,0.994766
296,296,0.994766
297,297,0.995097
298,298,0.995097
299,299,0.995097
300,300,0.995097
301,301,0.994326
302,302,0.994326
303,303,0.994326
304,304,0.994326
305,305,0.994326
306,306,0.994326
307,307,0.994326
308,308,0.994326
309,309,0.994326
310,310,0.994216
311,311,0.994216
312,312,0.994216
313,313,0.994216
314,314,0.995758
315,315,0.995758
316,316,0.995758
317,317,0.995758
318,318,0.995758
319,319,0.995758
320,320,0.995758
321,321,0.995758
322,322,0.995758
323,323,0.995758
324,324,0.995868
325,325,0.995868
326,326,0.995868
327,327,0.995868
328,328,0.995758
329,329,0.995758
330,330,0.995758
331,331,0.995758
332,332,0.995758
333,333,0.995758
334,334,0.995758
335,335,0.995758
336,336,0.995758
337,337,0.995758
338,338,0.995207
339,339,0.995207
340,340,0.995207
341,341,0.995207
342,342,0.995207
343,343,0.995207
344,344,0.995207
345,345,0.995207
346,346,0.995207
347,347,0.995207
348,348,0.995978
349,349,0.995978
350,350,0.995978
351,351,0.995978
352,352,0.995758
353,353,0.995758
354,354,0.995758
355,355,0.995758
356,356,0.996309
357,357,0.996309
358,358,0.996309
359,359,0.996309
360,360,0.996309
361,361,0.996969
362,362,0.996969
363,363,0.996969
364,364,0.996969
365,365,0.996969
366,366,0.996529
367,367,0.996529
368,368,0.996529
369,369,0.996529
370,370,0.996529
371,371,0.9973
372,372,0.9973
373,373,0.9973
374,374,0.9973
375,375,0.997961
376,376,0.997961
377,377,0.997961
378,378,0.997961
379,379,0.997961
380,380,0.997961
381,381,0.997961
382,382,0.997961
383,383,0.997961
384,384,0.998401
385,385,0.998401
386,386,0.998401
387,387,0.998401
388,388,0.998401
389,389,0.996749
390,390,0.996749
391,391,0.996749
392,392,0.996749
393,393,0.996749
394,394,0.996749
395,395,0.996749
396,396,0.996749
397,397,0.996749
398,398,0.996749
399,399,0.996749
400,400,0.996749
401,401,0.996749
402,402,0.996749
403,403,0.996749
404,404,0.996749
405,405,0.996749
406,406,0.99741
407,407,0.99741
408,408,0.99741
409,409,0.99741
410,410,0.99741
411,411,0.99741
412,412,0.997851
413,413,0.997851
414,414,0.997851
415,415,0.997851
416,416,0.998952
417,417,0.998952
418,418,0.998952
419,419,0.998952
420,420,0.998952
421,421,0.998952
422,422,0.998952
423,423,0.998952
424,424,0.998952
425,425,0.998952
426,426,0.997961
427,427,0.997961
428,428,0.997961
429,429,0.997961
430,430,0.99741
431,431,0.99741
432,432,0.99741
433,433,0.99741
434,434,0.998291
435,435,0.998291
436,436,0.998291
437,437,0.998291
438,438,0.998291
439,439,0.998181
440,440,0.998181
441,441,0.998181
442,442,0.998181
443,443,0.998181
444,444,0.998181
445,445,0.998181
446,446,0.998181
447,447,0.998181
448,448,0.998181
449,449,0.998181
450,450,0.998181
451,451,0.998181
452,452,0.998181
453,453,0.998181
454,454,0.998181
455,455,0.998181
456,456,0.998181
457,457,0.998181
458,458,0.998181
459,459,1.000054
460,460,1.000054
461,461,1.000054
462,462,1.000054
463,463,0.999723
464,464,0.999723
465,465,0.999723
466,466,0.999723
467,467,1.001596
468,468,1.001596
469,469,1.001596
470,470,1.001596
471,471,1.001596
472,472,1.001596
473,473,1.001596
474,474,1.001596
475,475,1.001596
476,476,1.001596
477,477,1.001926
478,478,1.001926
479,479,1.001926
480,480,1.001926
481,481,1.001926
482,482,1.001155
483,483,1.001155
484,484,1.001155
485,485,1.001155
486,486,1.001155
487,487,1.001596
488,488,1.001596
489,489,1.001596
490,490,1.001486
491,491,1.001486
492,492,1.001486
493,493,1.001486
494,494,1.001486
495,495,1.001486
496,496,1.001486
497,497,1.001486
498,498,1.001486
499,499,1.000054
500,500,1.000054
501,501,1.000054
502,502,1.000054
503,503,1.000054
504,504,1.000274
505,505,1.000274
506,506,1.000274
507,507,1.001045
508,508,1.001045
509,509,1.001045
510,510,1.001045
511,511,1.001045
512,512,1.001045
513,513,1.001045
514,514,1.001045
515,515,1.001045
516,516,1.001045
517,517,0.999944
518,518,0.999944
519,519,0.999944
520,520,0.999944
521,521,0.999944
522,522,0.999944
523,523,0.999944
524,524,0.999944
525,525,0.999944
526,526,0.999944
527,527,0.999944
528,528,0.999944
529,529,1.000164
530,530,1.000164
531,531,0.999613
532,532,0.999613
533,533,0.999613
534,534,0.999613
535,535,1.000825
536,536,1.000825
537,537,1.000825
538,538,1.000825
539,539,1.000825
540,540,0.999944
541,541,0.999944
542,542,0.999944
543,543,0.999944
544,544,0.999944
545,545,0.998622
546,546,0.998622
547,547,0.998622
548,548,0.998622
549,549,0.999613
550,550,0.999613
551,551,0.999613
552,552,0.999613
553,553,0.999613
554,554,1.000384
555,555,1.000384
556,556,1.000384
557,557,1.000384
558,558,1.000384
559,559,1.000384
560,560,1.000384
561,561,1.000384
562,562,1.000384
563,563,0.999833
564,564,0.999833
565,565,0.999833
566,566,0.999833
567,567,0.999833
568,568,0.999833
569,569,0.999833
570,570,0.999833
571,571,1.000164
572,572,1.000164
573,573,1.000164
574,574,1.000164
575,575,1.000164
576,576,1.000164
577,577,1.000164
578,578,1.000164
579,579,1.000164
580,580,1.000164
581,581,0.999833
582,582,0.999833
583,583,0.999833
584,584,0.999833
585,585,1.000715
586,586,1.000715
587,587,1.000715
588,588,1.000715
589,589,1.000825
590,590,1.000825
591,591,1.000825
592,592,1.000825
593,593,1.000825
594,594,1.001265
595,595,1.001265
596,596,1.001265
597,597,1.001265
598,598,1.001265
599,599,1.001265
600,600,1.001265
601,601,1.001265
602,602,1.001265
603,603,1.001265
604,604,1.001265
605,605,1.001265
606,606,1.001265
607,607,1.001265
608,608,1.001265
609,609,1.001265
610,610,1.001265
611,611,1.001265
612,612,1.001045
613,613,1.001045
614,614,1.001045
615,615,1.001045
616,616,1.001045
617,617,1.001155
618,618,1.001155
619,619,1.001155
620,620,1.001155
621,621,1.001155
622,622,1.001706
623,623,1.001706
624,624,1.001706
625,625,1.001706
626,626,1.001706
627,627,1.001706
628,628,1.001706
629,629,1.001706
630,630,1.001706
631,631,1.001375
632,632,1.001375
633,633,1.001375
634,634,1.001375
635,635,1.001375
636,636,1.001596
637,637,1.001596
638,638,1.001596
639,639,1.001596
640,640,1.001596
641,641,1.001596
642,642,1.001596
643,643,1.001596
644,644,1.001596
645,645,1.001816
646,646,1.001816
647,647,1.001816
648,648,1.001816
649,649,1.001816
650,650,1.001155
651,651,1.001155
652,652,1.001155
653,653,1.001155
654,654,1.001155
655,655,1.001155
656,656,1.002257
657,657,1.002257
658,658,1.002257
659,659,1.002257
660,660,1.002697
661,661,1.002697
662,662,1.002697
663,663,1.002697
664,664,1.002697
665,665,1.001706
666,666,1.001706
667,667,1.001706
668,668,1.001706
669,669,1.001816
670,670,1.001816
671,671,1.001816
672,672,1.001816
673,673,1.001816
674,674,1.001816
675,675,1.001816
676,676,1.001816
677,677,1.001816
678,678,1.001816
679,679,1.002257
680,680,1.002257
681,681,1.002257
682,682,1.002257
683,683,1.002257
684,684,1.001926
685,685,1.001926
686,686,1.001926
687,687,0.998952
688,688,0.998952
689,689,0.998952
690,690,0.998952
691,691,0.998952
692,692,0.99752
693,693,0.99752
694,694,0.99752
695,695,0.99752
696,696,0.99752
697,697,0.99752
698,698,0.99752
699,699,0.99752
700,700,0.99752
701,701,0.99752
702,702,0.99752
703,703,0.99752
704,704,0.99752
705,705,0.99752
706,706,1.001926
707,707,1.001926
708,708,1.001926
709,709,1.001926
710,710,1.001926
711,711,1.001045
712,712,1.001045
713,713,1.001045
714,714,1.001045
715,715,1.001045
716,716,1.001155
717,717,1.001155
718,718,1.001155
719,719,1.001155
720,720,1.001155
721,721,1.001155
722,722,1.001155
723,723,1.001155
724,724,1.001155
725,725,1.001155
726,726,1.001486
727,727,1.001486
728,728,1.001486
729,729,1.001486
730,730,1.001816
731,731,1.001816
732,732,1.001816
733,733,1.001816
734,734,1.001926
735,735,1.001926
736,736,1.001926
737,737,1.001926
738,738,1.001926
739,739,1.002477
740,740,1.002477
741,741,1.002477
742,742,1.002477
743,743,1.002477
744,744,1.002477
745,745,1.002477
746,746,1.002477
747,747,1.002477
748,748,1.002477
749,749,1.002477
750,750,1.002477
751,751,1.002477
752,752,1.002477
753,753,1.002587
754,754,1.002587
755,755,1.002587
756,756,1.002587
757,757,1.002587
758,758,1.002587
759,759,1.002587
760,760,1.002587
761,761,1.002587
762,762,1.002587
763,763,1.002587
764,764,1.002587
765,765,1.002587
766,766,1.002587
767,767,1.002587
768,768,1.002587
769,769,1.002587
770,770,1.002587
771,771,1.002587
772,772,1.002697
773,773,1.002697
774,774,1.002697
775,775,1.002697
776,776,1.002477
777,777,1.002477
778,778,1.002477
779,779,1.002477
780,780,1.003468
781,781,1.003468
782,782,1.003468
783,783,1.003468
784,784,1.003468
785,785,1.003468
786,786,1.003468
787,787,1.003468
788,788,1.003468
789,789,1.003689
790,790,1.003689
791,791,1.003689
792,792,1.003689
793,793,1.003689
794,794,1.00446
795,795,1.00446
796,796,1.00446
797,797,1.00446
798,798,1.00446
799,799,1.003138
800,800,1.003138
801,801,1.003138
802,802,1.003138
803,803,1.002587
804,804,1.002587
805,805,1.002587
806,806,1.002587
807,807,1.002587
808,808,1.001596
809,809,1.001596
810,810,1.001596
811,811,1.001596
812,812,1.001596
813,813,1.001596
814,814,1.001596
815,815,1.001596
816,816,1.001596
817,817,1.001596
818,818,1.001596
819,819,1.001816
820,820,1.001816
821,821,1.001816
822,822,1.001816
823,823,1.001816
824,824,1.001816
825,825,1.001816
826,826,1.001155
827,827,1.001155
828,828,1.000604
829,829,1.000604
830,830,1.000604
831,831,1.000604
832,832,1.000604
833,833,1.000604
834,834,1.000604
835,835,1.000604
836,836,0.999613
837,837,0.999613
838,838,0.999613
839,839,0.999613
840,840,0.999283
841,841,0.999283
842,842,0.999283
843,843,0.999283
844,844,1.000715
845,845,1.000715
846,846,1.000715
847,847,1.000715
848,848,1.000715
849,849,1.001045
850,850,1.001045
851,851,1.001045
852,852,1.001045
853,853,1.001045
854,854,1.001045
855,855,1.001045
856,856,1.001045
857,857,1.001045
858,858,1.001045
859,859,1.001045
860,860,1.001045
861,861,1.001045
862,862,1.001045
863,863,1.001045
864,864,1.000494
865,865,1.000494
866,866,1.000494
867,867,1.000054
868,868,1.000054
869,869,1.000054
870,870,1.000054
871,871,1.000384
872,872,1.000384
873,873,1.000384
874,874,1.000384
875,875,1.000384
876,876,1.000384
877,877,1.000384
878,878,1.000384
879,879,1.000384
880,880,1.000384
881,881,1.000164
882,882,1.000164
883,883,1.000164
884,884,1.000164
885,885,0.999613
886,886,0.999613
887,887,0.999613
888,888,0.999613
889,889,0.999613
890,890,0.999613
891,891,0.999172
892,892,0.999172
893,893,0.999172
894,894,0.999172
895,895,0.999172
896,896,0.999172
897,897,0.999172
898,898,1.000274
899,899,1.000274
900,900,1.000274
901,901,1.000274
902,902,1.000274
903,903,1.000274
904,904,1.000274
905,905,1.000274
906,906,1.000274
907,907,1.000274
908,908,0.999503
909,909,0.999503
910,910,0.999503
911,911,0.999503
912,912,0.999503
913,913,0.999944
914,914,0.999944
915,915,0.999944
916,916,0.999944
917,917,0.999944
918,918,1.000384
919,919,1.000384
920,920,1.000384
921,921,1.000384
922,922,1.000384
923,923,1.000384
924,924,1.000384
925,925,1.000384
926,926,1.000384
927,927,1.000384
928,928,1.000054
929,929,1.000054
930,930,1.000054
931,931,1.000164
932,932,1.000164
933,933,1.000164
934,934,1.000164
935,935,1.000164
936,936,1.000164
937,937,1.000494
938,938,1.000494
939,939,1.000494
940,940,1.000494
941,941,1.000494
942,942,1.000494
943,943,1.000494
944,944,1.000494
945,945,1.002367
946,946,1.002367
947,947,1.002367
948,948,1.002367
949,949,1.002036
950,950,1.002036
951,951,1.002036
952,952,1.002036
953,953,1.001926
954,954,1.001926
955,955,1.001926
956,956,1.001926
957,957,1.001926
958,958,1.001816
959,959,1.001816
960,960,1.001816
961,961,1.001816
962,962,1.001816
963,963,1.001816
964,964,1.001816
965,965,1.001816
966,966,1.001816
967,967,1.000604
968,968,1.000604
969,969,1.000604
970,970,1.000604
971,971,0.997961
972,972,0.997961
973,973,0.997961
974,974,0.997961
975,975,0.996309
976,976,0.996309
977,977,0.996309
978,978,0.996309
979,979,0.996309
980,980,1.002367
981,981,1.002367
982,982,1.002367
983,983,1.002367
984,984,1.002367
985,985,1.002367
986,986,1.002367
987,987,1.002367
988,988,1.002367
989,989,1.001706
990,990,1.001706
991,991,1.001706
992,992,1.001706
993,993,1.001706
994,994,1.001706
995,995,0.99752
996,996,0.99752
997,997,0.99752
998,998,0.99752
999,999,0.99752
1000,1000,0.99752
1001,1001,1.000715
1002,1002,1.000715
1003,1003,1.000715
1004,1004,1.000715
1005,1005,1.000715
1006,1006,1.000715
1007,1007,1.000715
1008,1008,1.006112
1009,1009,1.006112
1010,1010,1.006112
1011,1011,1.006112
1012,1012,1.005671
1013,1013,1.005671
1014,1014,1.005671
1015,1015,1.005671
1016,1016,1.005671
1017,1017,1.005892
1018,1018,1.005892
1019,1019,1.005892
1020,1020,1.005892
1021,1021,1.005892
1022,1022,1.005451
1023,1023,1.005451
1024,1024,1.005451
1025,1025,1.005451
1026,1026,1.005561
1027,1027,1.005561
1028,1028,1.005561
1029,1029,1.005561
1030,1030,1.005561
1031,1031,1.00457
1032,1032,1.00457
1033,1033,1.00457
1034,1034,1.00457
1035,1035,1.00457
1036,1036,1.00457
1037,1037,1.00457
1038,1038,1.00457
1039,1039,1.00457
1040,1040,1.00468
1041,1041,1.00468
1042,1042,1.00468
1043,1043,1.00468
1044,1044,1.00468
1045,1045,1.005121
1046,1046,1.005121
1047,1047,1.005121
1048,1048,1.005121
1049,1049,1.005671
1050,1050,1.005671
1051,1051,1.005671
1052,1052,1.005671
1053,1053,1.005671
1054,1054,1.005671
1055,1055,1.005671
1056,1056,1.005671
1057,1057,1.005671
1058,1058,1.005671
1059,1059,1.005781
1060,1060,1.005781
1061,1061,1.005781
1062,1062,1.005781
1063,1063,1.005781
1064,1064,1.005781
1065,1065,1.005781
1066,1066,1.005781
1067,1067,1.003799
1068,1068,1.003799
1069,1069,1.003799
1070,1070,1.003799
1071,1071,1.003799
1072,1072,1.00457
1073,1073,1.00457
1074,1074,1.00457
1075,1075,1.00457
1076,1076,1.00457
1077,1077,1.00457
1078,1078,1.00457
1079,1079,1.00457
1080,1080,1.00479
1081,1081,1.00479
1082,1082,1.00479
1083,1083,1.00479
1084,1084,1.00479
1085,1085,1.00446
1086,1086,1.00446
1087,1087,1.00446
1088,1088,1.00446
1089,1089,1.00446
1090,1090,1.00446
1091,1091,1.00435
1092,1092,1.00435
1093,1093,1.00435
1094,1094,1.00435
1095,1095,1.004239
1096,1096,1.004239
1097,1097,1.004239
1098,1098,1.004239
1099,1099,1.004239
1100,1100,1.004239
1101,1101,1.002807
1102,1102,1.002807
1103,1103,1.002807
1104,1104,1.002807
1105,1105,1.002807
1106,1106,1.002807
1107,1107,1.002807
1108,1108,1.002807
1109,1109,1.003138
1110,1110,1.003138
1111,1111,1.003138
1112,1112,1.003138
1113,1113,1.002697
1114,1114,1.002697
1115,1115,1.002697
1116,1116,1.002697
1117,1117,1.002697
1118,1118,1.002697
1119,1119,1.002257
1120,1120,1.002257
1121,1121,1.002257
1122,1122,1.002257
1123,1123,1.002587
1124,1124,1.002587
1125,1125,1.002587
1126,1126,1.002587
1127,1127,1.002587
1128,1128,1.002587
1129,1129,1.002587
1130,1130,1.002587
1131,1131,1.001045
1132,1132,1.001045
1133,1133,1.001045
1134,1134,1.001045
1135,1135,1.000825
1136,1136,1.000825
1137,1137,1.000825
1138,1138,1.000825
1139,1139,1.000825
1140,1140,1.000825
1141,1141,1.001045
1142,1142,1.001045
1143,1143,1.001045
1144,1144,1.001045
1145,1145,1.001045
1146,1146,1.001045
1147,1147,1.001045
1148,1148,1.001045
1149,1149,1.001375
1150,1150,1.001375
1151,1151,1.001375
1152,1152,1.001375
1153,1153,1.001926
1154,1154,1.001926
1155,1155,1.001926
1156,1156,1.001926
1157,1157,1.001926
1158,1158,1.002918
1159,1159,1.002918
1160,1160,1.002918
1161,1161,1.002918
1162,1162,1.002918
1163,1163,1.002918
1164,1164,1.002918
1165,1165,1.002918
1166,1166,1.002918
1167,1167,1.002918
1168,1168,1.002918
1169,1169,1.002918
1170,1170,1.002918
1171,1171,1.002036
1172,1172,1.002036
1173,1173,1.002036
1174,1174,1.002036
1175,1175,1.002036
1176,1176,1.002367
1177,1177,1.002367
1178,1178,1.002367
1179,1179,1.002367
1180,1180,1.002367
1181,1181,1.002367
1182,1182,1.002367
1183,1183,1.002367
1184,1184,1.002367
1185,1185,1.002477
1186,1186,1.002477
1187,1187,1.002477
1188,1188,1.002477
1189,1189,1.003578
1190,1190,1.003578
1191,1191,1.003578
1192,1192,1.003578
1193,1193,1.003578
1194,1194,1.003578
1195,1195,1.003578
1196,1196,1.003578
1197,1197,1.003578
1198,1198,1.003909
1199,1199,1.003909
1200,1200,1.003909
1201,1201,1.003909
1202,1202,1.003909
1203,1203,1.004129
1204,1204,1.004129
1205,1205,1.004129
1206,1206,1.004129
1207,1207,1.004129
1208,1208,1.003909
1209,1209,1.003909
1210,1210,1.003909
1211,1211,1.003909
1212,1212,1.003909
1213,1213,1.003909
1214,1214,1.003909
1215,1215,1.003909
1216,1216,1.000494
1217,1217,1.000494
1218,1218,1.000494
1219,1219,1.000494
1220,1220,1.000494
1221,1221,1.002477
1222,1222,1.002477
1223,1223,1.002477
1224,1224,1.002477
1225,1225,1.001265
1226,1226,1.001265
1227,1227,1.001265
1228,1228,1.001265
1229,1229,1.001265
1230,1230,1.001265
1231,1231,1.001265
1232,1232,1.001265
1233,1233,1.001265
1234,1234,1.001265
1235,1235,1.001265
1236,1236,1.001265
1237,1237,1.001265
1238,1238,1.001486
1239,1239,1.001486
1240,1240,1.001486
1241,1241,1.001486
1242,1242,1.000935
1243,1243,1.000935
1244,1244,1.000935
1245,1245,1.000935
1246,1246,1.000935
1247,1247,1.000935
1248,1248,1.000935
1249,1249,1.000935
1250,1250,1.000935
1251,1251,1.000935
1252,1252,1.000825
1253,1253,1.000825
1254,1254,1.000825
1255,1255,1.001596
1256,1256,1.001596
1257,1257,1.001596
1258,1258,1.001596
1259,1259,1.001596
1260,1260,1.001596
1261,1261,1.001596
1262,1262,1.001596
1263,1263,1.001596
1264,1264,1.001596
1265,1265,1.001596
1266,1266,1.001045
1267,1267,1.001045
1268,1268,1.001045
1269,1269,1.001045
1270,1270,1.001045
1271,1271,1.001045
1272,1272,1.001045
1273,1273,1.001045
1274,1274,1.002367
1275,1275,1.002367
1276,1276,1.002367
1277,1277,1.002367
1278,1278,1.002918
1279,1279,1.002918
1280,1280,1.002918
1281,1281,1.002918
1282,1282,1.002918
1283,1283,1.002918
1284,1284,1.002918
1285,1285,1.002918
1286,1286,1.002918
1287,1287,1.002918
1288,1288,1.003358
1289,1289,1.003358
1290,1290,1.003358
1291,1291,1.003358
1292,1292,1.003358
1293,1293,1.003358
1294,1294,1.003468
1295,1295,1.003468
1296,1296,1.003468
1297,1297,1.003468
1298,1298,1.003468
1299,1299,1.001816
1300,1300,1.001816
1301,1301,1.001816
1302,1302,1.001816
1303,1303,1.001816
1304,1304,1.001816
1305,1305,1.001816
1306,1306,1.001816
1307,1307,1.002697
1308,1308,1.002697
1309,1309,1.002697
1310,1310,1.002697
1311,1311,1.002697
1312,1312,1.002697
1313,1313,1.002697
1314,1314,1.002697
1315,1315,1.002807
1316,1316,1.002807
1317,1317,1.002807
1318,1318,1.002807
1319,1319,1.002807
1320,1320,1.002587
1321,1321,1.002587
1322,1322,1.002587
1323,1323,1.002587
1324,1324,1.002587
1325,1325,1.002367
1326,1326,1.002367
1327,1327,1.002367
1328,1328,1.002367
1329,1329,1.002367
1330,1330,1.002367
1331,1331,1.002367
1332,1332,1.002367
1333,1333,1.002367
1334,1334,1.002367
1335,1335,1.001926
1336,1336,1.001926
1337,1337,1.001926
1338,1338,1.001926
1339,1339,1.001926
1340,1340,1.002367
1341,1341,1.002367
1342,1342,1.002367
1343,1343,1.001375
1344,1344,1.001375
1345,1345,1.001375
1346,1346,1.001375
1347,1347,1.001486
1348,1348,1.001486
1349,1349,1.001486
1350,1350,1.001486
1351,1351,1.001486
1352,1352,1.001486
1353,1353,1.001486
1354,1354,1.001486
1355,1355,1.001486
1356,1356,1.001486
1357,1357,1.001045
1358,1358,1.001045
1359,1359,1.001045
1360,1360,1.001045
1361,1361,1.001045
1362,1362,1.001045
1363,1363,1.001045
1364,1364,1.001045
1365,1365,1.001045
1366,1366,1.001045
1367,1367,1.001045
1368,1368,1.001045
1369,1369,1.001045
1370,1370,1.001486
1371,1371,1.001486
1372,1372,1.001486
1373,1373,1.001486
1374,1374,1.001486
1375,1375,1.001486
1376,1376,1.001486
1377,1377,1.001486
1378,1378,1.001486
1379,1379,1.001486
1380,1380,1.001045
1381,1381,1.001045
1382,1382,1.001045
1383,1383,1.001045
1384,1384,1.001045
1385,1385,1.001045
1386,1386,1.001045
1387,1387,1.001045
1388,1388,1.001045
1389,1389,1.000054
1390,1390,1.000054
1391,1391,1.000054
1392,1392,1.000054
1393,1393,1.000054
1394,1394,1.000274
1395,1395,1.000274
1396,1396,1.000274
1397,1397,1.000274
1398,1398,1.000274
1399,1399,0.999172
1400,1400,0.999172
1401,1401,0.999172
1402,1402,0.999172
1403,1403,0.999172
1404,1404,0.999172
1405,1405,0.999172
1406,1406,0.999172
1407,1407,0.999172
1408,1408,0.999723
1409,1409,0.999723
1410,1410,0.999723
1411,1411,0.999723
1412,1412,1.000274
1413,1413,1.000274
1414,1414,1.000274
1415,1415,1.000274
1416,1416,1.000274
1417,1417,1.000274
1418,1418,1.000274
1419,1419,1.000274
1420,1420,1.000274
1421,1421,1.000274
1422,1422,1.000274
1423,1423,1.000274
1424,1424,1.000274
1425,1425,1.000274
1426,1426,1.000274
1427,1427,0.999613
1428,1428,0.999613
1429,1429,0.999613
1430,1430,0.999613
1431,1431,0.999723
1432,1432,0.999723
1433,1433,0.999723
1434,1434,0.999723
1435,1435,0.999283
1436,1436,0.999283
1437,1437,0.999283
1438,1438,0.999283
1439,1439,0.999283
1440,1440,0.999283
1441,1441,0.999283
1442,1442,0.999283
1443,1443,0.999283
1444,1444,0.999283
1445,1445,0.999283
1446,1446,0.999283
1447,1447,0.999283
1448,1448,0.998732
1449,1449,0.998732
1450,1450,0.998732
1451,1451,0.998732
1452,1452,0.999283
1453,1453,0.999283
1454,1454,0.999283
1455,1455,0.999283
1456,1456,0.999283
1457,1457,0.998622
1458,1458,0.998622
1459,1459,0.998622
1460,1460,0.998622
1461,1461,0.998622
1462,1462,0.998622
1463,1463,0.998622
1464,1464,0.9973
1465,1465,0.9973
1466,1466,0.9973
1467,1467,0.9973
1468,1468,0.9973
1469,1469,0.9973
1470,1470,0.999503
1471,1471,0.999503
1472,1472,0.999503
1473,1473,0.999503
1474,1474,0.999503
1475,1475,0.999503
1476,1476,0.999833
1477,1477,0.999833
1478,1478,0.999833
1479,1479,0.999833
1480,1480,0.999833
1481,1481,0.999833
1482,1482,0.999833
1483,1483,0.999833
1484,1484,0.998952
1485,1485,0.998952
1486,1486,0.998952
1487,1487,0.998952
1488,1488,0.998952
1489,1489,0.998512
1490,1490,0.998512
1491,1491,0.998512
1492,1492,0.998512
1493,1493,0.998512
1494,1494,0.998291
1495,1495,0.998291
1496,1496,0.998291
1497,1497,0.998291
1498,1498,0.998291
1499,1499,0.998842
1500,1500,0.998842
1501,1501,0.998842
1502,1502,0.998842
1503,1503,0.99774
1504,1504,0.99774
1505,1505,0.99774
1506,1506,0.99774
1507,1507,0.99774
1508,1508,0.99774
1509,1509,0.99774
1510,1510,0.99774
1511,1511,0.99774
1512,1512,0.997851
1513,1513,0.997851
1514,1514,0.997851
1515,1515,0.997851
1516,1516,0.997851
1517,1517,0.998181
1518,1518,0.998181
1519,1519,0.998181
1520,1520,0.998181
1521,1521,0.998181
1522,1522,0.99763
1523,1523,0.99763
1524,1524,0.99763
1525,1525,0.99763
1526,1526,0.997851
1527,1527,0.997851
1528,1528,0.997851
1529,1529,0.997851
1530,1530,0.997851
1531,1531,0.997851
1532,1532,0.997851
1533,1533,0.997851
1534,1534,0.997851
1535,1535,0.997851
1536,1536,0.997851
1537,1537,0.999062
1538,1538,0.999062
1539,1539,0.999062
1540,1540,0.999062
1541,1541,0.998512
1542,1542,0.998512
1543,1543,0.998512
1544,1544,0.998512
1545,1545,0.998512
1546,1546,0.998512
1547,1547,0.998512
1548,1548,0.998512
1549,1549,0.998842
1550,1550,0.998842
1551,1551,0.998842
1552,1552,0.998842
1553,1553,0.998842
1554,1554,0.998071
1555,1555,0.998071
1556,1556,0.998071
1557,1557,0.998071
1558,1558,0.998071
1559,1559,0.999613
1560,1560,0.999613
1561,1561,0.999613
1562,1562,0.999613
1563,1563,0.999613
1564,1564,0.999613
1565,1565,0.999613
1566,1566,0.999613
1567,1567,0.999613
1568,1568,0.999613
1569,1569,0.999723
1570,1570,0.999723
1571,1571,0.999723
1572,1572,0.999723
1573,1573,0.999723
1574,1574,0.998732
1575,1575,0.998732
1576,1576,0.998732
1577,1577,0.999723
1578,1578,0.999723
1579,1579,0.999723
1580,1580,0.999723
1581,1581,0.999723
1582,1582,0.999944
1583,1583,0.999944
1584,1584,0.999944
1585,1585,0.999944
1586,1586,0.999944
1587,1587,0.999944
1588,1588,0.999944
1589,1589,0.999944
1590,1590,0.999944
1591,1591,0.998952
1592,1592,0.998952
1593,1593,0.998952
1594,1594,0.998952
1595,1595,0.998952
1596,1596,0.998952
1597,1597,0.998952
1598,1598,0.998952
1599,1599,0.998952
1600,1600,0.998512
1601,1601,0.998512
1602,1602,0.998512
1603,1603,0.998512
1604,1604,0.998512
1605,1605,0.998512
1606,1606,0.998512
1607,1607,0.998512
1608,1608,0.998512
1609,1609,1.000384
1610,1610,1.000384
1611,1611,1.000384
1612,1612,1.000384
1613,1613,1.000384
1614,1614,1.000164
1615,1615,1.000164
1616,1616,1.000164
1617,1617,1.000164
1618,1618,1.000164
1619,1619,1.000494
1620,1620,1.000494
1621,1621,1.000494
1622,1622,1.000494
1623,1623,1.000715
1624,1624,1.000715
1625,1625,1.000715
1626,1626,1.000715
1627,1627,1.000715
1628,1628,1.000715
1629,1629,1.000715
1630,1630,1.000715
1631,1631,1.000715
1632,1632,1.000715
1633,1633,1.002147
1634,1634,1.002147
1635,1635,1.002147
1636,1636,1.002147
1637,1637,0.999503
1638,1638,0.999503
1639,1639,0.999503
1640,1640,0.999503
1641,1641,0.999503
1642,1642,0.999503
1643,1643,0.999503
1644,1644,0.999503
1645,1645,0.999503
1646,1646,0.999503
1647,1647,0.999944
1648,1648,0.999944
1649,1649,0.999944
1650,1650,0.999944
1651,1651,0.999944
1652,1652,1.000384
1653,1653,1.000384
1654,1654,1.000384
1655,1655,1.000384
1656,1656,1.000384
1657,1657,1.000384
1658,1658,1.000384
1659,1659,1.000384
1660,1660,1.000384
1661,1661,1.000384
1662,1662,1.000604
1663,1663,1.000604
1664,1664,1.000604
1665,1665,1.000604
1666,1666,1.000604
1667,1667,1.000604
1668,1668,1.000604
1669,1669,1.000604
1670,1670,1.000604
1671,1671,1.000935
1672,1672,1.000935
1673,1673,1.000935
1674,1674,1.000935
1675,1675,1.000935
1676,1676,1.000935
1677,1677,1.000935
1678,1678,1.000935
1679,1679,1.000825
1680,1680,1.000825
1681,1681,1.000825
1682,1682,1.000825
1683,1683,1.000825
1684,1684,1.000825
1685,1685,1.001265
1686,1686,1.001265
1687,1687,1.001265
1688,1688,1.001265
1689,1689,1.001265
1690,1690,1.001265
1691,1691,1.001265
1692,1692,1.001265
1693,1693,1.001596
1694,1694,1.001596
1695,1695,1.001596
1696,1696,1.001596
1697,1697,1.001596
1698,1698,1.002367
1699,1699,1.002367
1700,1700,1.002367
1701,1701,1.002367
1702,1702,1.002367
1703,1703,1.001926
1704,1704,1.001926
1705,1705,1.001926
1706,1706,1.001926
1707,1707,1.001926
1708,1708,1.001265
1709,1709,1.001265
1710,1710,1.001265
1711,1711,1.001265
1712,1712,1.001706
1713,1713,1.001706
1714,1714,1.001706
1715,1715,1.001706
1716,1716,1.001706
1717,1717,1.001706
1718,1718,1.001375
1719,1719,1.001375
1720,1720,1.001375
1721,1721,1.001375
1722,1722,1.003028
1723,1723,1.003028
1724,1724,1.003028
1725,1725,1.003028
1726,1726,1.003028
1727,1727,1.003028
1728,1728,1.003028
1729,1729,1.003028
1730,1730,1.003028
1731,1731,1.003028
1732,1732,1.000715
1733,1733,1.000715
1734,1734,1.000715
1735,1735,1.000715
1736,1736,1.001596
1737,1737,1.001596
1738,1738,1.001596
1739,1739,1.001596
1740,1740,1.001596
1741,1741,1.001596
1742,1742,1.003358
1743,1743,1.003358
1744,1744,1.003358
1745,1745,1.003358
1746,1746,1.003358
1747,1747,1.003358
1748,1748,1.003358
1749,1749,1.002587
1750,1750,1.002587
1751,1751,1.002587
1752,1752,1.002587
1753,1753,1.002587
1754,1754,1.002587
1755,1755,1.002587
1756,1756,1.002587
1757,1757,1.002587
1758,1758,1.003138
1759,1759,1.003138
1760,1760,1.003138
1761,1761,1.003138
1762,1762,1.003138
1763,1763,1.002918
1764,1764,1.002918
1765,1765,1.002918
1766,1766,1.002918
1767,1767,1.003138
1768,1768,1.003138
1769,1769,1.003138
1770,1770,1.003138
1771,1771,1.003138
1772,1772,1.003248
1773,1773,1.003248
1774,1774,1.003248
1775,1775,1.003248
1776,1776,1.003248
1777,1777,1.003248
1778,1778,1.003248
1779,1779,1.003248
1780,1780,1.003248
1781,1781,1.003248
1782,1782,1.003248
1783,1783,1.003358
1784,1784,1.003358
1785,1785,1.003358
1786,1786,1.003358
1787,1787,1.003358
1788,1788,1.003358
1789,1789,1.003358
1790,1790,1.003358
1791,1791,1.002367
1792,1792,1.002367
1793,1793,1.002367
1794,1794,1.002367
1795,1795,1.002367
1796,1796,1.002367
1797,1797,1.002367
1798,1798,1.002367
1799,1799,1.002257
1800,1800,1.002257
1801,1801,1.002257
1802,1802,1.002257
1803,1803,1.002257
1804,1804,1.002587
1805,1805,1.002587
1806,1806,1.002587
1807,1807,1.002587
1808,1808,1.002587
1809,1809,1.001265
1810,1810,1.001265
1811,1811,1.001265
1812,1812,1.001265
1813,1813,1.001045
1814,1814,1.001045
1815,1815,1.001045
1816,1816,1.001045
1817,1817,1.001045
1818,1818,1.001045
1819,1819,1.001045
1820,1820,1.001045
1821,1821,1.001045
1822,1822,1.001045
1823,1823,1.001375
1824,1824,1.001375
1825,1825,1.001375
1826,1826,1.001375
1827,1827,1.001375
1828,1828,1.001155
1829,1829,1.001155
1830,1830,1.001155
1831,1831,1.001155
1832,1832,1.000494
1833,1833,1.000494
1834,1834,1.000494
1835,1835,1.000494
1836,1836,1.000494
1837,1837,1.001045
1838,1838,1.001045
1839,1839,1.001045
1840,1840,1.001045
1841,1841,1.001045
1842,1842,1.001045
1843,1843,1.001045
1844,1844,1.001045
1845,1845,1.001155
1846,1846,1.001155
1847,1847,1.001155
1848,1848,1.001155
1849,1849,1.001155
1850,1850,1.001486
1851,1851,1.001486
1852,1852,1.001486
1853,1853,1.001486
1854,1854,1.000604
1855,1855,1.000604
1856,1856,1.000604
1857,1857,1.000604
1858,1858,1.000604
1859,1859,1.001816
1860,1860,1.001816
1861,1861,1.001816
1862,1862,1.001816
1863,1863,1.001816
1864,1864,1.001816
1865,1865,1.001816
1866,1866,1.001816
1867,1867,1.001816
1868,1868,1.001816
1869,1869,1.001926
1870,1870,1.001926
1871,1871,1.001926
1872,1872,1.001926
1873,1873,1.001926
1874,1874,1.001926
1875,1875,1.001926
1876,1876,1.001045
1877,1877,1.001045
1878,1878,1.001045
1879,1879,1.001045
1880,1880,1.001045
1881,1881,1.001045
1882,1882,1.001045
1883,1883,1.001045
1884,1884,1.001045
1885,1885,1.001926
1886,1886,1.001926
1887,1887,1.001926
1888,1888,1.001926
1889,1889,1.001926
1890,1890,1.000935
1891,1891,1.000935
1892,1892,1.000935
1893,1893,1.000935
1894,1894,1.000935
1895,1895,1.001596
1896,1896,1.001596
1897,1897,1.001596
1898,1898,1.001596
1899,1899,1.001596
1900,1900,1.001596
1901,1901,1.001596
1902,1902,1.001596
1903,1903,1.001486
1904,1904,1.001486
1905,1905,1.001486
1906,1906,1.001486
1907,1907,1.001486
1908,1908,1.001816
1909,1909,1.001816
1910,1910,1.001816
1911,1911,1.001816
1912,1912,1.002036
1913,1913,1.002036
1914,1914,1.002036
1915,1915,1.002036
1916,1916,1.001486
1917,1917,1.001486
1918,1918,1.001486
1919,1919,1.001486
1920,1920,1.001486
1921,1921,1.001486
1922,1922,1.001486
1923,1923,1.001486
1924,1924,1.001486
1925,1925,1.001486
1926,1926,1.001486
1927,1927,1.001706
1928,1928,1.001706
1929,1929,1.001706
1930,1930,1.002477
1931,1931,1.002477
1932,1932,1.002477
1933,1933,1.002477
1934,1934,1.002477
1935,1935,1.001375
1936,1936,1.001375
1937,1937,1.001375
1938,1938,1.001375
1939,1939,1.001375
1940,1940,1.001265
1941,1941,1.001265
1942,1942,1.001265
1943,1943,1.001265
1944,1944,1.001265
1945,1945,1.001265
1946,1946,1.001265
1947,1947,1.001265
1948,1948,1.001265
1949,1949,1.001375
1950,1950,1.001375
1951,1951,1.001375
1952,1952,1.001375
1953,1953,1.001375
1954,1954,1.001375
1955,1955,1.000715
1956,1956,1.000715
1957,1957,1.000715
1958,1958,1.000715
1959,1959,1.000715
1960,1960,1.000715
1961,1961,1.000715
1962,1962,1.000715
1963,1963,1.001155
1964,1964,1.001155
1965,1965,1.001155
1966,1966,1.001155
1967,1967,1.001155
1968,1968,1.001706
1969,1969,1.001706
1970,1970,1.001706
1971,1971,1.001706
1972,1972,1.001706
1973,1973,1.001706
1974,1974,1.001706
1975,1975,1.001706
1976,1976,1.001706
1977,1977,1.002587
1978,1978,1.002587
1979,1979,1.002587
1980,1980,1.002587
1981,1981,1.002587
1982,1982,1.002257
1983,1983,1.002257
1984,1984,1.002257
1985,1985,1.002257
1986,1986,1.002036
1987,1987,1.002036
1988,1988,1.002036
1989,1989,1.002036
1990,1990,1.002036
1991,1991,1.001596
1992,1992,1.001596
1993,1993,1.001596
1994,1994,1.001596
1995,1995,1.001596
1996,1996,1.001596
1997,1997,1.001596
1998,1998,1.001596
1999,1999,1.001596
2000,2000,1.001596
2001,2001,1.001816
2002,2002,1.001816
2003,2003,1.001816
2004,2004,1.001816
2005,2005,1.003028
2006,2006,1.003028
2007,2007,1.003028
2008,2008,1.003028
2009,2009,1.003028
2010,2010,1.003028
2011,2011,1.003028
2012,2012,1.003028
2013,2013,1.003028
2014,2014,1.003028
2015,2015,1.003028
2016,2016,1.002257
2017,2017,1.002257
2018,2018,1.002257
2019,2019,1.002257
2020,2020,1.002257
2021,2021,1.002257
2022,2022,1.002257
2023,2023,1.002257
2024,2024,1.002257
2025,2025,1.002257
2026,2026,1.002257
2027,2027,1.001706
2028,2028,1.001706
2029,2029,1.001706
2030,2030,1.001706
2031,2031,1.001706
2032,2032,1.001706
2033,2033,1.001706
2034,2034,1.001706
2035,2035,1.001706
2036,2036,1.001706
2037,2037,1.003248
2038,2038,1.003248
2039,2039,1.003248
2040,2040,1.003248
2041,2041,1.003358
2042,2042,1.003358
2043,2043,1.003358
2044,2044,1.003358
2045,2045,1.003358
2046,2046,1.002807
2047,2047,1.002807
2048,2048,1.002807
2049,2049,1.002807
2050,2050,1.002807
2051,2051,1.003358
2052,2052,1.003358
2053,2053,1.003358
2054,2054,1.003358
2055,2055,1.003799
2056,2056,1.003799
2057,2057,1.003799
2058,2058,1.003799
2059,2059,1.003799
2060,2060,1.002918
2061,2061,1.002918
2062,2062,1.002918
2063,2063,1.002918
2064,2064,1.002918
2065,2065,1.002918
2066,2066,1.002918
2067,2067,1.002918
2068,2068,1.002918
2069,2069,1.00468
2070,2070,1.00468
2071,2071,1.00468
2072,2072,1.00468
2073,2073,1.004129
2074,2074,1.004129
2075,2075,1.004129
2076,2076,1.004129
2077,2077,1.004129
2078,2078,1.004129
2079,2079,1.003358
2080,2080,1.003358
2081,2081,1.003358
2082,2082,1.003358
2083,2083,1.003358
2084,2084,1.003358
2085,2085,1.003358
2086,2086,1.003358
2087,2087,1.003358
2088,2088,1.003028
2089,2089,1.003028
2090,2090,1.003028
2091,2091,1.003028
2092,2092,1.004129
2093,2093,1.004129
2094,2094,1.004129
2095,2095,1.004129
2096,2096,1.004129
2097,2097,1.003578
2098,2098,1.003578
2099,2099,1.003578
2100,2100,1.003578
2101,2101,1.002477
2102,2102,1.002477
2103,2103,1.002477
2104,2104,1.002477
2105,2105,1.002477
2106,2106,1.002477
2107,2107,1.002477
2108,2108,1.002477
2109,2109,1.002477
2110,2110,1.003909
2111,2111,1.003909
2112,2112,1.003909
2113,2113,1.003909
2114,2114,1.00446
2115,2115,1.00446
2116,2116,1.00446
2117,2117,1.00446
2118,2118,1.00446
2119,2119,1.00446
2120,2120,1.00446
2121,2121,1.00446
2122,2122,1.00446
2123,2123,1.005231
2124,2124,1.005231
2125,2125,1.005231
2126,2126,1.005231
2127,2127,1.005231
2128,2128,1.005231
2129,2129,1.00479
2130,2130,1.00479
2131,2131,1.00479
2132,2132,1.00479
2133,2133,1.00479
2134,2134,1.00479
2135,2135,1.00479
2136,2136,1.00479
2137,2137,1.00479
2138,2138,1.00479
2139,2139,1.00479
2140,2140,1.00479
2141,2141,1.00479
2142,2142,1.00479
2143,2143,1.00479
2144,2144,1.00479
2145,2145,1.00479
2146,2146,1.00479
2147,2147,1.003248
2148,2148,1.003248
2149,2149,1.003248
2150,2150,1.003248
2151,2151,1.003248
2152,2152,1.003248
2153,2153,1.003248
2154,2154,1.003248
2155,2155,1.003138
2156,2156,1.003138
2157,2157,1.003138
2158,2158,1.003138
2159,2159,1.003138
2160,2160,1.004019
2161,2161,1.004019
2162,2162,1.004019
2163,2163,1.004019
2164,2164,1.004019
2165,2165,1.004019
2166,2166,1.003799
2167,2167,1.003799
2168,2168,1.003799
2169,2169,1.003799
2170,2170,1.003799
2171,2171,1.003799
2172,2172,1.003799
2173,2173,1.003799
2174,2174,1.003799
2175,2175,1.003799
2176,2176,1.003799
2177,2177,1.003028
2178,2178,1.003028
2179,2179,1.003028
2180,2180,1.003028
2181,2181,1.003028
2182,2182,1.004019
2183,2183,1.004019
2184,2184,1.004019
2185,2185,1.004019
2186,2186,1.004019
2187,2187,1.003578
2188,2188,1.003578
2189,2189,1.003578
2190,2190,1.003578
2191,2191,1.003578
2192,2192,1.003578
2193,2193,1.003578
2194,2194,1.003578
2195,2195,1.003578
2196,2196,1.003578
2197,2197,1.003578
2198,2198,1.003578
2199,2199,1.003468
2200,2200,1.003468
2201,2201,1.003578
2202,2202,1.003578
2203,2203,1.003578
2204,2204,1.003578
2205,2205,1.003799
2206,2206,1.003799
2207,2207,1.003799
2208,2208,1.003799
2209,2209,1.003799
2210,2210,1.003799
2211,2211,1.003799
2212,2212,1.003799
2213,2213,1.003799
2214,2214,1.003799
2215,2215,1.003689
2216,2216,1.003689
2217,2217,1.003689
2218,2218,1.003689
2219,2219,1.003689
2220,2220,1.003689
2221,2221,1.003689
2222,2222,1.003689
2223,2223,1.003799
2224,2224,1.003799
2225,2225,1.003799
2226,2226,1.003799
2227,2227,1.003468
2228,2228,1.003468
2229,2229,1.003468
2230,2230,1.003468
2231,2231,1.003138
2232,2232,1.003138
2233,2233,1.003138
2234,2234,1.003138
2235,2235,1.003138
2236,2236,1.002807
2237,2237,1.002807
2238,2238,1.002807
2239,2239,1.002807
2240,2240,1.001926
2241,2241,1.001926
2242,2242,1.001926
2243,2243,1.001926
2244,2244,1.003138
2245,2245,1.003138
2246,2246,1.003138
2247,2247,1.003138
2248,2248,1.003138
2249,2249,1.003138
2250,2250,1.003138
2251,2251,1.003138
2252,2252,1.003138
2253,2253,1.003138
2254,2254,1.003138
2255,2255,1.000825
2256,2256,1.000825
2257,2257,1.000825
2258,2258,1.000825
2259,2259,1.001816
2260,2260,1.001816
2261,2261,1.001816
2262,2262,1.001816
2263,2263,1.001816
2264,2264,1.001816
2265,2265,1.001816
2266,2266,1.001816
2267,2267,1.001816
2268,2268,1.002147
2269,2269,1.002147
2270,2270,1.002147
2271,2271,1.002147
2272,2272,1.002147
2273,2273,1.001596
2274,2274,1.001596
2275,2275,1.001596
2276,2276,0.998842
2277,2277,0.998842
2278,2278,0.998842
2279,2279,0.998842
2280,2280,0.998842
2281,2281,1.000715
2282,2282,1.000715
2283,2283,1.000715
2284,2284,1.000715
2285,2285,1.000715
2286,2286,1.000715
2287,2287,1.000715
2288,2288,1.000715
2289,2289,1.000715
2290,2290,1.000715
2291,2291,1.000715
2292,2292,1.000715
2293,2293,1.000715
2294,2294,1.000715
2295,2295,1.000715
2296,2296,1.000384
2297,2297,1.000384
2298,2298,1.000384
2299,2299,1.000384
2300,2300,1.000384
2301,2301,1.000384
2302,2302,1.000384
2303,2303,1.000384
2304,2304,1.000384
2305,2305,1.000384
2306,2306,1.000384
2307,2307,1.001486
2308,2308,1.001486
2309,2309,1.001486
2310,2310,1.001486
2311,2311,1.001486
2312,2312,1.001486
2313,2313,1.001486
2314,2314,1.001486
2315,2315,1.001486
2316,2316,1.001486
2317,2317,1.000604
2318,2318,1.000604
2319,2319,1.000604
2320,2320,1.000604
2321,2321,1.000604
2322,2322,1.000604
2323,2323,1.000604
2324,2324,1.000604
2325,2325,1.000604
2326,2326,1.000494
2327,2327,1.000494
2328,2328,1.000494
2329,2329,1.000494
2330,2330,1.000494
2331,2331,1.000494
2332,2332,1.000494
2333,2333,1.000494
2334,2334,1.000494
2335,2335,1.000494
2336,2336,0.998401
2337,2337,0.998401
2338,2338,0.998401
2339,2339,0.998401
2340,2340,0.999283
2341,2341,0.999283
2342,2342,0.999283
2343,2343,0.999283
2344,2344,0.999283
2345,2345,0.998842
2346,2346,0.998842
2347,2347,0.998842
2348,2348,0.998842
2349,2349,0.998622
2350,2350,0.998622
2351,2351,0.998622
2352,2352,0.998622
2353,2353,0.998622
2354,2354,0.998622
2355,2355,0.998622
2356,2356,0.998622
2357,2357,0.998622
2358,2358,0.999723
2359,2359,0.999723
2360,2360,0.999723
2361,2361,0.999723
2362,2362,0.999723
2363,2363,1.000164
2364,2364,1.000164
2365,2365,1.000164
2366,2366,1.000164
2367,2367,0.999393
2368,2368,0.999393
2369,2369,0.999393
2370,2370,0.999393
2371,2371,0.999393
2372,2372,0.999944
2373,2373,0.999944
2374,2374,0.999944
2375,2375,0.999944
2376,2376,0.999944
2377,2377,0.999944
2378,2378,0.999944
2379,2379,0.999944
2380,2380,0.999944
2381,2381,0.999944
2382,2382,0.997961
2383,2383,0.997961
2384,2384,0.997961
2385,2385,0.997961
2386,2386,0.997961
2387,2387,0.997961
2388,2388,0.997961
2389,2389,0.997961
2390,2390,0.997961
2391,2391,0.999833
2392,2392,0.999833
2393,2393,0.999833
2394,2394,0.999833
2395,2395,0.999833
2396,2396,1.000054
2397,2397,1.000054
2398,2398,1.000054
2399,2399,1.000054
2400,2400,1.000054
2401,2401,1.000054
2402,2402,1.000054
2403,2403,1.000054
2404,2404,0.998842
2405,2405,0.998842
2406,2406,0.998842
2407,2407,0.998842
2408,2408,0.998842
2409,2409,0.998842
2410,2410,1.000935
2411,2411,1.000935
2412,2412,1.000935
2413,2413,1.001596
2414,2414,1.001596
2415,2415,1.001596
2416,2416,1.001596
2417,2417,1.001596
2418,2418,1.001596
2419,2419,1.001596
2420,2420,1.001596
2421,2421,1.001596
2422,2422,1.001486
2423,2423,1.001486
2424,2424,1.001486
2425,2425,1.001486
2426,2426,1.000935
2427,2427,1.000935
2428,2428,1.000935
2429,2429,1.000935
2430,2430,1.000935
2431,2431,1.001265
2432,2432,1.001265
2433,2433,1.001265
2434,2434,1.001265
2435,2435,1.001265
2436,2436,1.001265
2437,2437,1.001265
2438,2438,1.002477
2439,2439,1.002477
2440,2440,1.002477
2441,2441,1.002477
2442,2442,1.002477
2443,2443,1.002477
2444,2444,1.002477
2445,2445,1.001375
2446,2446,1.001375
2447,2447,1.001375
2448,2448,1.001375
2449,2449,0.999503
2450,2450,0.999503
2451,2451,0.999503
2452,2452,0.999503
2453,2453,1.000715
2454,2454,1.000715
2455,2455,1.000715
2456,2456,1.000715
2457,2457,1.000715
2458,2458,1.001375
2459,2459,1.001375
2460,2460,1.001375
2461,2461,1.001375
2462,2462,1.001375
2463,2463,1.001375
2464,2464,1.001375
2465,2465,1.001375
2466,2466,1.001375
2467,2467,1.000715
2468,2468,1.000715
2469,2469,1.000715
2470,2470,1.000715
2471,2471,0.999172
2472,2472,0.999172
2473,2473,0.999172
2474,2474,0.999172
2475,2475,1.000384
2476,2476,1.000384
2477,2477,1.000384
2478,2478,1.000384
2479,2479,1.000384
2480,2480,0.999283
2481,2481,0.999283
2482,2482,0.999283
2483,2483,0.999283
2484,2484,0.999283
2485,2485,0.999283
2486,2486,0.999283
2487,2487,0.999283
2488,2488,0.999283
2489,2489,0.999283
2490,2490,0.999833
2491,2491,0.999833
2492,2492,0.999833
2493,2493,0.999833
2494,2494,0.999833
2495,2495,0.999833
2496,2496,0.998952
2497,2497,0.998952
2498,2498,0.998952
2499,2499,0.998952
2500,2500,0.998952
2501,2501,0.998952
2502,2502,0.998952
2503,2503,0.998952
2504,2504,0.998952
2505,2505,0.999283
2506,2506,0.999283
2507,2507,0.999283
2508,2508,0.999283
2509,2509,0.999283
2510,2510,0.999283
2511,2511,0.999283
2512,2512,0.999283
2513,2513,0.999283
2514,2514,1.000604
2515,2515,1.000604
2516,2516,1.000604
2517,2517,1.000604
2518,2518,1.000604
2519,2519,1.000274
2520,2520,1.000274
2521,2521,1.000274
2522,2522,1.000274
2523,2523,0.999503
2524,2524,0.999503
2525,2525,0.999503
2526,2526,0.999503
2527,2527,0.999503
2528,2528,0.999503
2529,2529,0.999503
2530,2530,0.999503
2531,2531,0.999503
2532,2532,1.000604
2533,2533,1.000604
2534,2534,1.000604
2535,2535,1.000604
2536,2536,1.000604
2537,2537,1.000604
2538,2538,1.000604
2539,2539,1.000604
2540,2540,1.000604
2541,2541,1.000604
2542,2542,1.001375
2543,2543,1.001375
2544,2544,1.001375
2545,2545,1.000274
2546,2546,1.000274
2547,2547,1.000274
2548,2548,1.000274
2549,2549,1.000274
2550,2550,1.000494
2551,2551,1.000494
2552,2552,1.000494
2553,2553,1.000494
2554,2554,1.000494
2555,2555,1.000494
2556,2556,1.000494
2557,2557,1.000494
2558,2558,1.000494
2559,2559,1.000494
2560,2560,1.000494
2561,2561,1.000494
2562,2562,1.000494
2563,2563,1.000494
2564,2564,1.000494
2565,2565,0.999944
2566,2566,0.999944
2567,2567,0.999944
2568,2568,1.000274
2569,2569,1.000274
2570,2570,1.000274
2571,2571,1.000274
2572,2572,1.000274
2573,2573,1.000274
2574,2574,1.000274
2575,2575,1.000274
2576,2576,1.000274
2577,2577,1.000054
2578,2578,1.000054
2579,2579,1.000054
2580,2580,1.000054
2581,2581,1.000825
2582,2582,1.000825
2583,2583,1.000825
2584,2584,1.000825
2585,2585,1.000825
2586,2586,0.999833
2587,2587,0.999833
2588,2588,0.999833
2589,2589,0.999833
2590,2590,0.999833
2591,2591,0.999833
2592,2592,0.999833
2593,2593,0.999833
2594,2594,0.999833
2595,2595,0.998512
2596,2596,0.998512
2597,2597,0.998512
2598,2598,0.998512
2599,2599,0.998512
2600,2600,0.998181
2601,2601,0.998181
2602,2602,0.998181
2603,2603,0.998181
2604,2604,0.998181
2605,2605,0.998181
2606,2606,0.999944
2607,2607,0.999944
2608,2608,0.999944
2609,2609,0.999944
2610,2610,0.999944
2611,2611,0.999723
2612,2612,0.999723
2613,2613,0.999723
2614,2614,0.999723
2615,2615,0.999723
2616,2616,1.001375
2617,2617,1.001375
2618,2618,1.001375
2619,2619,1.001375
2620,2620,1.001375
2621,2621,1.001375
2622,2622,1.001375
2623,2623,1.001375
2624,2624,1.001375
2625,2625,1.001375
2626,2626,1.001375
2627,2627,0.998512
2628,2628,0.998512
2629,2629,0.998512
2630,2630,0.998512
2631,2631,0.998512
2632,2632,0.998512
2633,2633,0.998512
2634,2634,0.999723
2635,2635,0.999723
2636,2636,0.999723
2637,2637,0.999723
2638,2638,0.999723
2639,2639,1.000494
2640,2640,1.000494
2641,2641,1.000494
2642,2642,1.000494
2643,2643,0.999723
2644,2644,0.999723
2645,2645,0.999723
2646,2646,0.999723
2647,2647,0.999723
2648,2648,0.999723
2649,2649,0.999723
2650,2650,0.999723
2651,2651,0.999723
2652,2652,0.999723
2653,2653,0.999613
2654,2654,0.999613
2655,2655,0.999613
2656,2656,0.999613
2657,2657,0.999613
2658,2658,0.997961
2659,2659,0.997961
2660,2660,0.997961
2661,2661,0.997961
2662,2662,0.997961
2663,2663,1.000494
2664,2664,1.000494
2665,2665,1.000494
2666,2666,1.000494
2667,2667,0.999503
2668,2668,0.999503
2669,2669,0.999503
2670,2670,0.999503
2671,2671,0.999503
2672,2672,0.999503
2673,2673,0.999503
2674,2674,0.999503
2675,2675,0.999503
2676,2676,0.999503
2677,2677,0.999613
2678,2678,0.999613
2679,2679,0.999613
2680,2680,0.999613
2681,2681,0.999503
2682,2682,0.999503
2683,2683,0.999503
2684,2684,0.999503
2685,2685,0.999503
2686,2686,0.999503
2687,2687,0.999503
2688,2688,0.999503
2689,2689,0.998181
2690,2690,0.998181
2691,2691,0.998181
2692,2692,0.998181
2693,2693,0.998181
2694,2694,0.998622
2695,2695,0.998622
2696,2696,0.998622
2697,2697,0.998622
2698,2698,0.998181
2699,2699,0.998181
2700,2700,0.998181
2701,2701,0.998181
2702,2702,0.998181
2703,2703,0.999283
2704,2704,0.999283
2705,2705,0.999283
2706,2706,0.999283
2707,2707,0.999283
2708,2708,0.998952
2709,2709,0.998952
2710,2710,0.998952
2711,2711,0.998952
2712,2712,0.998952
2713,2713,0.999062
2714,2714,0.999062
2715,2715,0.999062
2716,2716,0.999062
2717,2717,0.999062
2718,2718,0.999062
2719,2719,0.999062
2720,2720,0.999062
2721,2721,0.999062
2722,2722,0.99719
2723,2723,0.99719
2724,2724,0.99719
2725,2725,0.99719
2726,2726,0.998071
2727,2727,0.998071
2728,2728,0.998071
2729,2729,0.998071
2730,2730,0.999172
2731,2731,0.999172
2732,2732,0.999172
2733,2733,0.999172
2734,2734,0.999172
2735,2735,0.999172
2736,2736,0.999172
2737,2737,1.000384
2738,2738,1.000384
2739,2739,1.000384
2740,2740,1.000384
2741,2741,1.000384
2742,2742,1.000384
2743,2743,1.000384
2744,2744,1.000384
2745,2745,1.000054
2746,2746,1.000054
2747,2747,1.000054
2748,2748,1.000054
2749,2749,0.99752
2750,2750,0.99752
2751,2751,0.99752
2752,2752,0.99752
2753,2753,0.99752
2754,2754,0.999283
2755,2755,0.999283
2756,2756,0.999283
2757,2757,0.999283
2758,2758,0.999283
2759,2759,0.999283
2760,2760,0.999283
2761,2761,0.999283
2762,2762,0.999283
2763,2763,0.999283
2764,2764,0.999283
2765,2765,0.999283
2766,2766,0.999283
2767,2767,0.999283
2768,2768,0.999833
2769,2769,0.999833
2770,2770,0.999833
2771,2771,0.999833
2772,2772,0.998732
2773,2773,0.998732
2774,2774,0.998732
2775,2775,0.998732
2776,2776,0.998732
2777,2777,0.999283
2778,2778,0.999283
2779,2779,0.999283
2780,2780,0.999283
2781,2781,0.999283
2782,2782,0.999283
2783,2783,0.999283
2784,2784,0.999283
2785,2785,0.999283
2786,2786,0.9973
2787,2787,0.9973
2788,2788,0.9973
2789,2789,0.9973
2790,2790,0.9973
2791,2791,0.996749
2792,2792,0.996749
2793,2793,0.996749
2794,2794,0.996749
2795,2795,0.996749
2796,2796,0.998842
2797,2797,0.998842
2798,2798,0.998842
2799,2799,0.998842
2800,2800,0.998842
2801,2801,0.998842
2802,2802,0.998842
2803,2803,0.998842
2804,2804,0.998842
2805,2805,0.998842
2806,2806,0.998842
2807,2807,0.998842
2808,2808,0.998842
2809,2809,0.998842
2810,2810,0.998842
2811,2811,0.998842
2812,2812,0.998842
2813,2813,0.998732
2814,2814,0.998732
2815,2815,0.998732
2816,2816,0.998732
2817,2817,0.998732
2818,2818,0.99741
2819,2819,0.99741
2820,2820,0.99741
2821,2821,0.99741
2822,2822,0.99741
2823,2823,0.999172
2824,2824,0.999172
2825,2825,0.999172
2826,2826,0.999172
2827,2827,0.999172
2828,2828,0.999172
2829,2829,0.999172
2830,2830,0.999172
2831,2831,0.999172
2832,2832,0.999503
2833,2833,0.999503
2834,2834,0.999503
2835,2835,0.999503
2836,2836,0.999503
2837,2837,0.998732
2838,2838,0.998732
2839,2839,0.998732
2840,2840,0.998732
2841,2841,0.999172
2842,2842,0.999172
2843,2843,0.999172
2844,2844,0.999172
2845,2845,0.99763
2846,2846,0.99763
2847,2847,0.99763
2848,2848,0.99763
2849,2849,0.99763
2850,2850,0.99763
2851,2851,0.99763
2852,2852,0.99763
2853,2853,0.99763
2854,2854,0.99763
2855,2855,0.99741
2856,2856,0.99741
2857,2857,0.99741
2858,2858,0.99741
2859,2859,0.99741
2860,2860,0.999503
2861,2861,0.999503
2862,2862,0.999503
2863,2863,0.999503
2864,2864,0.999503
2865,2865,0.999503
2866,2866,0.999503
2867,2867,0.999503
2868,2868,0.999062
2869,2869,0.999062
2870,2870,0.999062
2871,2871,0.999062
2872,2872,0.999062
2873,2873,0.998071
2874,2874,0.998071
2875,2875,0.998071
2876,2876,0.998071
2877,2877,0.998071
2878,2878,0.998071
2879,2879,0.998071
2880,2880,0.998071
2881,2881,0.998071
2882,2882,1.000274
2883,2883,1.000274
2884,2884,1.000274
2885,2885,1.000274
2886,2886,1.000274
2887,2887,1.000274
2888,2888,1.000274
2889,2889,1.000274
2890,2890,1.000274
2891,2891,1.000825
2892,2892,1.000825
2893,2893,1.000825
2894,2894,1.000825
2895,2895,1.000825
2896,2896,1.000825
2897,2897,1.000825
2898,2898,1.000825
2899,2899,0.999944
2900,2900,0.999944
2901,2901,0.999944
2902,2902,0.999944
2903,2903,0.999944
2904,2904,1.000715
2905,2905,1.000715
2906,2906,1.000715
2907,2907,1.000715
2908,2908,1.000715
2909,2909,0.99752
2910,2910,0.99752
2911,2911,0.99752
2912,2912,0.99752
2913,2913,0.99752
2914,2914,0.99752
2915,2915,0.99752
2916,2916,1.001486
2917,2917,1.001486
2918,2918,1.001486
2919,2919,1.001486
2920,2920,1.001486
2921,2921,1.001486
2922,2922,1.001486
2923,2923,1.001486
2924,2924,1.001486
2925,2925,1.001486
2926,2926,1.001045
2927,2927,1.001045
2928,2928,1.001045
2929,2929,1.001045
2930,2930,1.001045
2931,2931,1.001045
2932,2932,1.001045
2933,2933,1.001045
2934,2934,1.001045
2935,2935,1.001045
2936,2936,1.001265
2937,2937,1.001265
2938,2938,1.001265
2939,2939,1.001265
2940,2940,1.001265
2941,2941,1.001265
2942,2942,0.999613
2943,2943,0.999613
2944,2944,0.999613
2945,2945,0.999613
2946,2946,1.000715
2947,2947,1.000715
2948,2948,1.000715
2949,2949,1.000715
2950,2950,1.000935
2951,2951,1.000935
2952,2952,1.000935
2953,2953,1.000935
2954,2954,1.000935
2955,2955,0.999283
2956,2956,0.999283
2957,2957,0.999283
2958,2958,0.999283
2959,2959,0.999283
2960,2960,0.999283
2961,2961,1.000164
2962,2962,1.000164
2963,2963,1.000164
2964,2964,1.000164
2965,2965,1.000164
2966,2966,1.000164
2967,2967,1.000164
2968,2968,1.000164
2969,2969,0.9973
2970,2970,0.9973
2971,2971,0.9973
2972,2972,0.9973
2973,2973,0.998401
2974,2974,0.998401
2975,2975,0.998401
2976,2976,0.998401
2977,2977,0.998401
2978,2978,0.998401
2979,2979,0.998401
2980,2980,0.998401
2981,2981,0.998401
2982,2982,0.998401
2983,2983,0.998401
2984,2984,0.998401
2985,2985,0.998401
2986,2986,0.998401
2987,2987,0.998401
2988,2988,0.998401
2989,2989,0.998401
2990,2990,0.998401
2991,2991,0.998401
2992,2992,0.99719
2993,2993,0.99719
2994,2994,0.99719
2995,2995,0.99719
2996,2996,0.996969
2997,2997,0.996969
2998,2998,0.996969
2999,2999,0.996969
3000,3000,0.996969
3001,3001,0.996198
3002,3002,0.996198
3003,3003,0.996198
3004,3004,0.996198
3005,3005,0.996198
3006,3006,0.998181
3007,3007,0.998181
3008,3008,0.998181
3009,3009,0.998181
3010,3010,0.998181
3011,3011,0.998181
3012,3012,0.998181
3013,3013,0.998181
3014,3014,0.998401
3015,3015,0.998401
3016,3016,0.998401
3017,3017,0.998401
3018,3018,0.998952
3019,3019,0.998952
3020,3020,0.998952
3021,3021,0.998952
3022,3022,0.998952
3023,3023,0.998952
3024,3024,0.998291
3025,3025,0.998291
3026,3026,0.998291
3027,3027,0.998291
3028,3028,0.998291
3029,3029,0.998291
3030,3030,0.998291
3031,3031,0.998291
3032,3032,0.996639
3033,3033,0.996639
3034,3034,0.996639
3035,3035,0.996639
3036,3036,0.996639
3037,3037,0.996639
3038,3038,0.996639
3039,3039,0.995207
3040,3040,0.995207
3041,3041,0.995207
3042,3042,0.995207
3043,3043,0.998622
3044,3044,0.998622
3045,3045,0.998622
3046,3046,0.998622
3047,3047,0.998291
3048,3048,0.998291
3049,3049,0.998291
3050,3050,0.998291
3051,3051,0.998291
3052,3052,0.9973
3053,3053,0.9973
3054,3054,0.9973
3055,3055,0.9973
3056,3056,0.9973
3057,3057,0.9973
3058,3058,0.9973
3059,3059,0.9973
3060,3060,0.99774
3061,3061,0.99774
3062,3062,0.99774
3063,3063,0.99774
3064,3064,0.99774
3065,3065,0.996088
3066,3066,0.996088
3067,3067,0.996088
3068,3068,0.996088
3069,3069,0.996088
3070,3070,0.996088
3071,3071,0.996088
3072,3072,0.996088
3073,3073,0.996088
3074,3074,0.99719
3075,3075,0.99719
3076,3076,0.99719
3077,3077,0.99719
3078,3078,0.99719
3079,3079,0.99774
3080,3080,0.99774
3081,3081,0.99774
3082,3082,0.99774
3083,3083,0.99774
3084,3084,0.99774
3085,3085,0.99774
3086,3086,0.99774
3087,3087,0.99774
3088,3088,0.99774
3089,3089,0.99774
3090,3090,0.99774
3091,3091,0.99774
3092,3092,0.99774
3093,3093,0.99774
3094,3094,0.99774
3095,3095,0.99774
3096,3096,0.99774
3097,3097,0.99774
3098,3098,0.99774
3099,3099,0.99774
3100,3100,0.99774
3101,3101,0.99774
3102,3102,0.99774
3103,3103,0.99774
3104,3104,0.99774
3105,3105,0.99774
3106,3106,0.99774
3107,3107,0.99752
3108,3108,0.99752
3109,3109,0.99752
3110,3110,0.99752
3111,3111,0.99752
3112,3112,0.99752
3113,3113,0.99752
3114,3114,0.99752
3115,3115,0.99752
3116,3116,0.99774
3117,3117,0.99774
3118,3118,0.99774
3119,3119,0.99774
3120,3120,0.996639
3121,3121,0.996639
3122,3122,0.996639
3123,3123,0.996639
3124,3124,0.996639
3125,3125,0.996639
3126,3126,0.996639
3127,3127,0.996639
3128,3128,0.996639
3129,3129,0.996198
3130,3130,0.996198
3131,3131,0.996198
3132,3132,0.996198
3133,3133,0.996198
3134,3134,0.99719
3135,3135,0.99719
3136,3136,0.99719
3137,3137,0.99719
3138,3138,0.996419
3139,3139,0.996419
3140,3140,0.996419
3141,3141,0.996419
3142,3142,0.996419
3143,3143,0.996419
3144,3144,0.996419
3145,3145,0.996419
3146,3146,0.996419
3147,3147,0.996749
3148,3148,0.996749
3149,3149,0.996749
3150,3150,0.996749
3151,3151,0.99708
3152,3152,0.99708
3153,3153,0.99708
3154,3154,0.99708
3155,3155,0.99708
3156,3156,0.99708
3157,3157,0.996309
3158,3158,0.996309
3159,3159,0.996309
3160,3160,0.996309
3161,3161,0.996309
3162,3162,0.996309
3163,3163,0.996309
3164,3164,0.996309
3165,3165,0.996309
3166,3166,0.996309
3167,3167,0.996309
3168,3168,0.996309
3169,3169,0.996309
3170,3170,0.99719
3171,3171,0.99719
3172,3172,0.99719
3173,3173,0.99719
3174,3174,0.99719
3175,3175,0.99719
3176,3176,0.99719
3177,3177,0.99719
3178,3178,0.99719
3179,3179,0.99719
3180,3180,0.99719
3181,3181,0.99719
3182,3182,0.996969
3183,3183,0.996969
3184,3184,0.996969
3185,3185,0.996969
3186,3186,0.996969
3187,3187,0.997851
3188,3188,0.997851
3189,3189,0.997851
3190,3190,0.999172
3191,3191,0.999172
3192,3192,0.999172
3193,3193,0.999172
3194,3194,0.999172
3195,3195,0.999393
3196,3196,0.999393
3197,3197,0.999393
3198,3198,0.999393
3199,3199,0.999393
3200,3200,0.999393
3201,3201,0.999393
3202,3202,0.999393
3203,3203,0.999393
3204,3204,0.998952
3205,3205,0.998952
3206,3206,0.998952
3207,3207,0.998952
3208,3208,0.998952
3209,3209,0.998952
3210,3210,0.998401
3211,3211,0.998401
3212,3212,0.998401
3213,3213,0.998401
3214,3214,0.99774
3215,3215,0.99774
3216,3216,0.99774
3217,3217,0.99774
3218,3218,0.99774
3219,3219,0.99774
3220,3220,0.99774
3221,3221,0.99774
3222,3222,0.99774
3223,3223,0.99774
3224,3224,0.99774
3225,3225,0.99774
3226,3226,0.999723
3227,3227,0.999723
3228,3228,0.999723
3229,3229,0.999723
3230,3230,0.999723
3231,3231,0.999723
3232,3232,0.998622
3233,3233,0.998622
3234,3234,0.998622
3235,3235,0.998622
3236,3236,0.998622
3237,3237,0.99752
3238,3238,0.99752
3239,3239,0.99752
3240,3240,0.99752
3241,3241,0.99752
3242,3242,0.99752
3243,3243,0.99752
3244,3244,0.99752
3245,3245,0.99752
3246,3246,0.998622
3247,3247,0.998622
3248,3248,0.998622
3249,3249,0.998622
3250,3250,0.996639
3251,3251,0.996639
3252,3252,0.996639
3253,3253,0.996639
3254,3254,0.996639
3255,3255,0.996749
3256,3256,0.996749
3257,3257,0.996749
3258,3258,0.996749
3259,3259,0.996749
3260,3260,0.996749
3261,3261,0.99774
3262,3262,0.99774
3263,3263,0.99774
3264,3264,0.99774
3265,3265,0.99774
3266,3266,0.99774
3267,3267,0.99774
3268,3268,0.99774
3269,3269,0.996639
3270,3270,0.996639
3271,3271,0.996639
3272,3272,0.996639
3273,3273,0.996969
3274,3274,0.996969
3275,3275,0.996969
3276,3276,0.996969
3277,3277,0.996969
3278,3278,0.996969
3279,3279,0.996969
3280,3280,0.996088
3281,3281,0.996088
3282,3282,0.996088
3283,3283,0.996088
3284,3284,0.996088
3285,3285,0.996088
3286,3286,0.996088
3287,3287,0.996088
3288,3288,0.996088
3289,3289,0.996088
3290,3290,0.996088
3291,3291,0.996088
3292,3292,0.995978
3293,3293,0.995978
3294,3294,0.995978
3295,3295,0.995978
3296,3296,0.995978
3297,3297,0.995978
3298,3298,0.995978
3299,3299,0.995978
3300,3300,0.995978
3301,3301,0.99741
3302,3302,0.99741
3303,3303,0.99741
3304,3304,0.99741
3305,3305,0.996859
3306,3306,0.996859
3307,3307,0.996859
3308,3308,0.996859
3309,3309,0.996859
3310,3310,0.993004
3311,3311,0.993004
3312,3312,0.993004
3313,3313,0.993004
3314,3314,0.993004
3315,3315,0.996529
3316,3316,0.996529
3317,3317,0.996529
3318,3318,0.996529
3319,3319,0.996529
3320,3320,0.996529
3321,3321,0.996529
3322,3322,0.996529
3323,3323,0.996529
3324,3324,0.996529
3325,3325,0.996859
3326,3326,0.996859
3327,3327,0.996859
3328,3328,0.996859
3329,3329,0.996088
3330,3330,0.996088
3331,3331,0.996088
3332,3332,0.996088
3333,3333,0.996088
3334,3334,0.994216
3335,3335,0.994216
3336,3336,0.994216
3337,3337,0.994216
3338,3338,0.994216
3339,3339,0.994216
3340,3340,0.994216
3341,3341,0.994216
3342,3342,0.994216
3343,3343,0.996969
3344,3344,0.996969
3345,3345,0.996969
3346,3346,0.996969
3347,3347,0.996969
3348,3348,0.99763
3349,3349,0.99763
3350,3350,0.99763
3351,3351,0.99763
3352,3352,0.99719
3353,3353,0.99719
3354,3354,0.99719
3355,3355,0.99719
3356,3356,0.99719
3357,3357,0.996749
3358,3358,0.996749
3359,3359,0.996749
3360,3360,0.996749
3361,3361,0.995978
3362,3362,0.995978
3363,3363,0.995978
3364,3364,0.995978
3365,3365,0.995978
3366,3366,0.995978
3367,3367,0.995978
3368,3368,0.995978
3369,3369,0.995978
3370,3370,0.995978
3371,3371,0.9973
3372,3372,0.9973
3373,3373,0.9973
3374,3374,0.9973
3375,3375,0.996309
3376,3376,0.996309
3377,3377,0.996309
3378,3378,0.996309
3379,3379,0.996859
3380,3380,0.996859
3381,3381,0.996859
3382,3382,0.996859
3383,3383,0.996859
3384,3384,0.996198
3385,3385,0.996198
3386,3386,0.996198
3387,3387,0.996198
3388,3388,0.996198
3389,3389,0.996198
3390,3390,0.996198
3391,3391,0.996198
3392,3392,0.996198
3393,3393,0.998512
3394,3394,0.998512
3395,3395,0.998512
3396,3396,0.998512
3397,3397,0.998512
3398,3398,0.998512
3399,3399,0.998512
3400,3400,0.998512
3401,3401,0.998512
3402,3402,0.998512
3403,3403,0.998512
3404,3404,0.998512
3405,3405,0.998071
3406,3406,0.998071
3407,3407,0.998071
3408,3408,0.998071
3409,3409,0.998071
3410,3410,0.998071
3411,3411,0.99708
3412,3412,0.99708
3413,3413,0.99708
3414,3414,0.99708
3415,3415,0.99708
3416,3416,0.99708
3417,3417,0.99708
3418,3418,0.99708
3419,3419,0.99708
3420,3420,0.99708
3421,3421,0.99708
3422,3422,0.99708
3423,3423,0.99708
3424,3424,0.997961
3425,3425,0.997961
3426,3426,0.997961
3427,3427,0.997961
3428,3428,0.997961
3429,3429,0.997961
3430,3430,0.997961
3431,3431,0.997961
3432,3432,0.998291
3433,3433,0.998291
3434,3434,0.998291
3435,3435,0.998291
3436,3436,0.998291
3437,3437,0.9973
3438,3438,0.9973
3439,3439,0.9973
3440,3440,0.9973
3441,3441,0.9973
3442,3442,0.999283
3443,3443,0.999283
3444,3444,0.999283
3445,3445,0.999283
3446,3446,0.999283
3447,3447,0.997851
3448,3448,0.997851
3449,3449,0.997851
3450,3450,0.997851
3451,3451,0.997851
3452,3452,0.997851
3453,3453,0.997851
3454,3454,0.997851
3455,3455,0.997851
3456,3456,0.997851
3457,3457,0.998071
3458,3458,0.998071
3459,3459,0.998071
3460,3460,0.998071
3461,3461,0.998071
3462,3462,0.999283
3463,3463,0.999283
3464,3464,0.999283
3465,3465,0.999283
3466,3466,0.999283
3467,3467,0.999283
3468,3468,0.999283
3469,3469,0.999283
3470,3470,0.999283
3471,3471,0.997961
3472,3472,0.997961
3473,3473,0.997961
3474,3474,0.997961
3475,3475,0.997961
3476,3476,0.997961
3477,3477,0.998291
3478,3478,0.998291
3479,3479,0.998291
3480,3480,0.998291
3481,3481,0.998291
3482,3482,0.998291
3483,3483,0.998291
3484,3484,0.998291
3485,3485,0.998291
3486,3486,0.998622
3487,3487,0.998622
3488,3488,0.998622
3489,3489,0.998622
3490,3490,0.997851
3491,3491,0.997851
3492,3492,0.997851
3493,3493,0.997851
3494,3494,0.997851
3495,3495,0.99752
3496,3496,0.99752
3497,3497,0.99752
3498,3498,0.99752
3499,3499,0.998291
3500,3500,0.998291
3501,3501,0.998291
3502,3502,0.998291
3503,3503,0.998291
3504,3504,0.998291
3505,3505,0.998291
3506,3506,0.998291
3507,3507,0.997961
3508,3508,0.997961
3509,3509,0.997961
3510,3510,0.997961
3511,3511,0.997961
3512,3512,0.997961
3513,3513,0.997961
3514,3514,0.997961
3515,3515,0.997961
3516,3516,0.997961
3517,3517,0.997961
3518,3518,0.996639
3519,3519,0.996639
3520,3520,0.996639
3521,3521,0.996639
3522,3522,0.996639
3523,3523,0.996639
3524,3524,0.996639
3525,3525,0.996639
3526,3526,0.996639
3527,3527,0.99719
3528,3528,0.99719
3529,3529,0.99719
3530,3530,0.99719
3531,3531,0.998291
3532,3532,0.998291
3533,3533,0.998291
3534,3534,0.998291
3535,3535,0.998291
3536,3536,0.998291
3537,3537,0.998291
3538,3538,0.998291
3539,3539,0.996529
3540,3540,0.996529
3541,3541,0.996529
3542,3542,0.996529
3543,3543,0.996529
3544,3544,0.996529
3545,3545,0.996529
3546,3546,0.996529
3547,3547,0.996529
3548,3548,0.996749
3549,3549,0.996749
3550,3550,0.996749
3551,3551,0.996749
3552,3552,0.999503
3553,3553,0.999503
3554,3554,0.999503
3555,3555,0.999503
3556,3556,0.999503
3557,3557,1.000164
3558,3558,1.000164
3559,3559,1.000164
3560,3560,1.000164
3561,3561,1.000164
3562,3562,1.000164
3563,3563,1.000164
3564,3564,1.000164
3565,3565,1.000164
3566,3566,1.000164
3567,3567,0.998952
3568,3568,0.998952
3569,3569,0.998952
3570,3570,0.998952
3571,3571,0.998071
3572,3572,0.998071
3573,3573,0.998071
3574,3574,0.998071
3575,3575,0.998071
3576,3576,0.998071
3577,3577,0.998071
3578,3578,0.998071
3579,3579,0.999723
3580,3580,0.999723
3581,3581,0.999723
3582,3582,0.999723
3583,3583,0.999723
3584,3584,0.999723
3585,3585,0.999723
3586,3586,0.999723
3587,3587,0.999723
3588,3588,0.999723
3589,3589,0.999723
3590,3590,0.999723
3591,3591,0.999723
3592,3592,0.999723
3593,3592,0.998622
3594,3593,0.998622
3595,3594,0.998622
3596,3595,0.998622
3597,3596,0.999283
3598,3597,0.999283
3599,3598,0.999283
3600,3599,0.999283
3601,3600,0.999283
3602,3601,0.023352
3603,3602,0.023352
3604,3603,0.023352
3605,3604,0.023352
3606,3605,0.023352
3607,3606,0.027317
3608,3607,0.027317
3609,3608,0.027317
3610,3609,0.027317
3611,3610,0.027317
3612,3611,0.027317
3613,3612,0.027317
3614,3613,0.027317
3615,3614,0.027317
3616,3615,0.027317
3617,3616,0.026987
3618,3617,0.026987
3619,3618,0.026987
3620,3619,0.026987
3621,3620,0.026877
3622,3621,0.026877
3623,3622,0.026877
